Gender,L,x*,g_mean,g_min,g_max,Adj. R2,N
Female,-4.94565321716654,74.56276937222924,0.11019759175747018,0.09743728755098956,0.17838605280967174,0.9412084281557572,45
Male,-3.391191148963738,86.15394160560699,0.09904554259608028,0.07120243315656287,0.1289609228591878,0.9823209195880488,45
Total,-3.503549798581312,86.98058855806242,0.101836999936677,0.08266491376003417,0.129574580765328,0.9567291754838275,45
