coef,Std.Err,t-value,Value
G,NA,NA,0.11076185397540642
L,1.8592662533056474,-1.3420338652003252,-2.495198276360305
x*,16.77921714371091,-4.99418980831062,83.79859525055186
