Gender,lnh,l_m,m,b
F,-11.529405405405406,13.054054054054054,88.09916216216216,9.543972972972973
M,-10.180837837837839,11.054054054054054,82.64443243243244,10.827486486486487
